YEAR,PERIOD,JE_REF,DATE,ENTITY_CODE,ACCOUNT,ACC_NAME,AMOUNT,DESCRIPTION,OPERATOR,TIME,Manual,
2012,5,1,05/06/2012,9840,22931,Revenue accrual,243961.09,ACCRUE UK INVOICE,HOCKK,06:39:22,y,
2012,5,1,05/06/2012,1000,31440,Revenue accrual,-84801.85,Auto offset to company 0400,HOCKK,06:39:22,y,
2012,5,1,05/06/2012,1901,62700,Expense, other,-57603.15,ACCRUE UK INVOICE,HOCKK,06:39:22,y,
2012,5,1,05/06/2012,1976,62700,Expense other,-4619.03,ACCRUE UK INVOICE,HOCKK,06:39:22,y,
2012,5,1,05/06/2012,1579,67370,Audit,-91007.89,ACCRUE UK INVOICE,HOCKK,06:39:22,y,
2012,5,1,05/06/2012,1579,67370,Audit,-1855.36,ACCRUE UK INVOICE,HOCKK,06:39:22,y,
2012,5,1,05/06/2012,1901,67370,Audit,-4073.81,ACCRUE UK INVOICE,HOCKK,06:39:22,y,
2012,5,803,05/04/2012,1475,13171,Accruals,-31734.96,Monthly Accrual Nonstk& Exp,HOFFMAN,01:45:14,n,
2012,5,803,05/04/2012,1756,13171,Accruals,-34851.2,Monthly Accrual Nonstk& Exp,HOFFMAN,01:45:14,n,
2012,5,803,05/04/2012,1680,13301,Expense,-14,Monthly Accrual Nonstk& Exp,HOFFMAN,01:45:14,n,
2012,5,803,05/04/2012,107,13314,Telephone expense,-67103.79,Monthly Accrual Nonstk& Exp,HOFFMAN,01:45:14,n,
2012,5,803,05/04/2012,814,13314,Telephone expense,-2325,Monthly Accrual Nonstk& Exp,HOFFMAN,01:45:14,n,
2012,5,803,05/04/2012,107,13314,Telephone expense,-33000,Monthly Accrual Nonstk& Exp,HOFFMAN,01:45:14,n,
2012,5,803,05/04/2012,107,13314,Telephone expense,-3400,Monthly Accrual Nonstk& Exp,HOFFMAN,01:45:14,n,
2012,5,803,05/04/2012,107,13314,Telephone expense,-535.36,Monthly Accrual Nonstk& Exp,HOFFMAN,01:45:14,n,
2012,5,803,05/04/2012,1475,13317,Legal expense,-40.9,Monthly Accrual Nonstk& Exp,HOFFMAN,01:45:14,n,
2012,5,803,05/04/2012,1475,13317,Legal expense,-975,Monthly Accrual Nonstk& Exp,HOFFMAN,01:45:14,n,
2012,5,803,05/04/2012,1475,13317,Legal expense,-27654.45,Monthly Accrual Nonstk& Exp,HOFFMAN,01:45:14,n,
test,2012,5,803,05/04/2012,1475,13317,Legal expense,-2470,Monthly Accrual Nonstk& Exp,HOFFMAN,01:45:14,n,
2012,5,803,05/04/2012,1475,13317,Legal expense,-17775.26,Monthly Accrual Nonstk& Exp,HOFFMAN,01:45:14,n,
2012,5,803,05/04/2012,107,13510,Rent,-220,Monthly Accrual Nonstk& Exp,HOFFMAN,01:45:14,n,
2012,5,803,05/04/2012,107,13531,Lease,-59471.9,Monthly Accrual Nonstk& Exp,HOFFMAN,01:45:14,n,
2012,5,803,05/04/2012,1475,14799,Salaries,-86784,Monthly Accrual Nonstk& Exp,HOFFMAN,01:45:14,n,
2012,5,803,05/04/2012,1007,18406,Revenue,-1613.81,Monthly Accrual Nonstk& Exp,HOFFMAN,01:45:14,n,
2012,5,803,05/04/2012,107,21190,Revenue accrual,780521.07,Monthly Accrual Nonstk& Exp,HOFFMAN,01:45:14,n,
2012,5,803,31/04/2012,107,24996,Revenue accrual,-1618.51,Monthly Accrual Nonstk& Exp,HOFFMAN,01:45:14,n,
2012,5,803,05/04/2012,1000,31440,Revenue accrual,-6495.8,Auto offset to company 0400,HOFFMAN,01:45:14,n,
2012,5,803,05/04/2012,1892,61330,Expense other,-76.4,Monthly Accrual Nonstk& Exp,HOFFMAN,01:45:14,n,
2012,5,803,05/04/2012,150,64010,Expense other,-650,Monthly Accrual Nonstk& Exp,HOFFMAN,01:45:14,n,
2012,5,803,05/04/2012,816,64010,Expense other,-122.1,Monthly Accrual Nonstk& Exp,HOFFMAN,01:45:14,n,
2012,5,803,05/04/2012,901,64010,Expense other,-180.12,Monthly Accrual Nonstk& Exp,HOFFMAN,01:45:14,n,
2012,5,803,05/04/2012,906,64010,Expense other,-196.52,Monthly Accrual Nonstk& Exp,HOFFMAN,01:45:14,n,
2012,5,803,05/04/2012,1853,64010,Expense other,-112.44,Monthly Accrual Nonstk& Exp,HOFFMAN,01:45:14,n,
2012,5,803,05/04/2012,1889,64010,Expense other,-162.78,Monthly Accrual Nonstk& Exp,HOFFMAN,01:45:14,n,
2012,5,803,05/04/2012,1929,64010,Expense other,-676.98,Monthly Accrual Nonstk& Exp,HOFFMAN,01:45:14,n,
2012,5,803,05/04/2012,1964,64010,Expense other,-408.4,Monthly Accrual Nonstk& Exp,HOFFMAN,01:45:14,n,
2012,5,803,05/04/2012,1855,64011,Expense other,-998,Monthly Accrual Nonstk& Exp,HOFFMAN,01:45:14,n,
2012,5,803,05/04/2012,1866,64011,Expense other,-152,Monthly Accrual Nonstk& Exp,HOFFMAN,01:45:14,n,
2012,5,803,05/04/2012,1866,64012,Expense other,-1000,Monthly Accrual Nonstk& Exp,HOFFMAN,01:45:14,n,
2012,5,803,05/04/2012,914,64110,Cost of goods sold,-1.91,Monthly Accrual Nonstk& Exp,HOFFMAN,01:45:14,n,
2012,5,803,05/04/2012,922,64110,Cost of goods sold,-313.5,Monthly Accrual Nonstk& Exp,HOFFMAN,01:45:14,n,
2012,5,803,05/04/2012,972,64110,Cost of goods sold,-323,Monthly Accrual Nonstk& Exp,HOFFMAN,01:45:14,n,
2012,5,803,05/04/2012,974,64110,Cost of goods sold,-1234,Monthly Accrual Nonstk& Exp,HOFFMAN,01:45:14,n,
2012,5,803,05/04/2012,1892,64110,Cost of goods sold,-62.68,Monthly Accrual Nonstk& Exp,HOFFMAN,01:45:14,n,
2012,5,803,05/04/2012,131,64120,Taxes,-1120,Monthly Accrual Nonstk& Exp,HOFFMAN,01:45:14,n,
2012,5,803,05/04/2012,932,64120,Taxes,-133.1,Monthly Accrual Nonstk& Exp,HOFFMAN,01:45:14,n,
2012,5,803,05/04/2012,1892,64510,Income taxes,-220.55,Monthly Accrual Nonstk& Exp,HOFFMAN,01:45:14,n,
2012,5,803,05/04/2012,914,64710,Other taxes,-11483.28,Monthly Accrual Nonstk& Exp,HOFFMAN,01:45:14,n,
2012,5,803,05/04/2012,1930,64977,Fixed assets,-19336.74,Monthly Accrual Nonstk& Exp,HOFFMAN,01:45:14,n,
2012,5,803,05/04/2012,150,64980,Deprecation,-630.52,Monthly Accrual Nonstk& Exp,HOFFMAN,01:45:14,n,
2012,5,803,05/04/2012,814,64990,Land,-2676,Monthly Accrual Nonstk& Exp,HOFFMAN,01:45:14,n,
2012,5,803,05/04/2012,819,64990,Land,-0.7,Monthly Accrual Nonstk& Exp,HOFFMAN,01:45:14,n,
2012,5,803,05/04/2012,819,64990,Land,-693.66,Monthly Accrual Nonstk& Exp,HOFFMAN,01:45:14,n,
2012,5,803,05/04/2012,903,64990,Land,-65.96,Monthly Accrual Nonstk& Exp,HOFFMAN,01:45:14,n,
2012,5,803,05/04/2012,974,64990,Land,-177.98,Monthly Accrual Nonstk& Exp,HOFFMAN,01:45:14,n,
2012,5,803,05/04/2012,1853,64990,Land,-751.07,Monthly Accrual Nonstk& Exp,HOFFMAN,01:45:14,n,
2012,5,803,05/04/2012,1867,64990,Land,-167.16,Monthly Accrual Nonstk& Exp,HOFFMAN,01:45:14,n,
2012,5,803,05/04/2012,1885,64990,Land,-370,Monthly Accrual Nonstk& Exp,HOFFMAN,01:45:14,n,
2012,5,803,05/04/2012,1892,64990,Land,-6921.56,Monthly Accrual Nonstk& Exp,HOFFMAN,01:45:14,n,
2012,5,803,05/04/2012,1960,64990,Land,-4069.96,Monthly Accrual Nonstk& Exp,HOFFMAN,01:45:14,n,
2012,5,803,05/04/2012,155,65520,Equipment,-4284.75,Monthly Accrual Nonstk& Exp,HOFFMAN,01:45:14,n,
2012,5,803,05/04/2012,974,65520,Equipment,-11195,Monthly Accrual Nonstk& Exp,HOFFMAN,01:45:14,n,
2012,5,803,05/04/2012,1892,66510,Capitalized costs,-2627.12,Monthly Accrual Nonstk& Exp,HOFFMAN,01:45:14,n,
2012,5,803,05/04/2012,1903,66530,Misc expenses,-993,Monthly Accrual Nonstk& Exp,HOFFMAN,01:45:14,n,
2012,5,803,05/04/2012,1892,66540,Misc expenses,-1037.69,Monthly Accrual Nonstk& Exp,HOFFMAN,01:45:14,n,
2012,5,803,05/04/2012,112,66560,Misc expenses,-2869.07,Monthly Accrual Nonstk& Exp,HOFFMAN,01:45:14,n,
2012,5,803,05/04/2012,907,66560,Misc expenses,-6000,Monthly Accrual Nonstk& Exp,HOFFMAN,01:45:14,n,
2012,5,803,05/04/2012,931,66560,Misc expenses,-689,Monthly Accrual Nonstk& Exp,HOFFMAN,01:45:14,n,
2012,5,803,05/04/2012,972,66560,Misc expenses,-225.8,Monthly Accrual Nonstk& Exp,HOFFMAN,01:45:14,n,
2012,5,803,05/04/2012,1853,66560,Misc expenses,-80.6,Monthly Accrual Nonstk& Exp,HOFFMAN,01:45:14,n,
2012,5,803,05/04/2012,1877,66560,Misc expenses,-2450,Monthly Accrual Nonstk& Exp,HOFFMAN,01:45:14,n,
2012,5,803,05/04/2012,1885,66560,Misc expenses,-1071.65,Monthly Accrual Nonstk& Exp,HOFFMAN,01:45:14,n,
2012,5,803,05/04/2012,1892,66560,Misc expenses,-12597.29,Monthly Accrual Nonstk& Exp,HOFFMAN,01:45:14,n,
2012,5,803,05/04/2012,184,67290,Misc expenses,-90.86,Monthly Accrual Nonstk& Exp,HOFFMAN,01:45:14,n,
2012,5,803,05/04/2012,1852,67290,Misc expenses,-26746.08,Monthly Accrual Nonstk& Exp,HOFFMAN,01:45:14,n,
2012,5,803,05/04/2012,1853,67290,Misc expenses,-11087.77,Monthly Accrual Nonstk& Exp,HOFFMAN,01:45:14,n,
2012,5,803,05/04/2012,1854,67290,Misc expenses,-8613.5,Monthly Accrual Nonstk& Exp,HOFFMAN,01:45:14,n,
2012,5,803,05/04/2012,1866,67290,Misc expenses,-2395.25,Monthly Accrual Nonstk& Exp,HOFFMAN,01:45:14,n,
2012,5,803,05/04/2012,1867,67290,Misc expenses,-44820.01,Monthly Accrual Nonstk& Exp,HOFFMAN,01:45:14,n,
2012,5,803,05/04/2012,1875,67290,Misc expenses,-20,Monthly Accrual Nonstk& Exp,HOFFMAN,01:45:14,n,
2012,5,803,05/04/2012,1889,67290,Misc expenses,-444,Monthly Accrual Nonstk& Exp,HOFFMAN,01:45:14,n,
2012,5,803,05/04/2012,2989,67290,Misc expenses,-18.42,Monthly Accrual Nonstk& Exp,HOFFMAN,01:45:14,n,
2012,5,803,05/04/2012,184,67370,Audit,-8801,Monthly Accrual Nonstk& Exp,HOFFMAN,01:45:14,n,
2012,5,803,05/04/2012,1866,67370,Audit,-1500,Monthly Accrual Nonstk& Exp,HOFFMAN,01:45:14,n,
2012,5,803,05/04/2012,1885,67370,Audit,-600,Monthly Accrual Nonstk& Exp,HOFFMAN,01:45:14,n,
2012,5,803,05/04/2012,1927,67370,Audit,-15.8,Monthly Accrual Nonstk& Exp,HOFFMAN,01:45:14,n,
2012,5,803,05/04/2012,106,67390,Other fees,-1665,Monthly Accrual Nonstk& Exp,HOFFMAN,01:45:14,n,
2012,5,803,05/04/2012,146,67390,Other fees,-2400,Monthly Accrual Nonstk& Exp,HOFFMAN,01:45:14,n,
2012,5,803,05/04/2012,150,67390,Other fees,-105,Monthly Accrual Nonstk& Exp,HOFFMAN,01:45:14,n,
2012,5,803,05/04/2012,974,67390,Other fees,-410,Monthly Accrual Nonstk& Exp,HOFFMAN,01:45:14,n,
2012,5,803,05/04/2012,1475,67390,Other fees,-6870.8,Monthly Accrual Nonstk& Exp,HOFFMAN,01:45:14,n,
2012,5,803,05/04/2012,1853,67390,Other fees,-258,Monthly Accrual Nonstk& Exp,HOFFMAN,01:45:14,n,
2012,5,803,05/04/2012,1854,67390,Other fees,-170,Monthly Accrual Nonstk& Exp,HOFFMAN,01:45:14,n,
2012,5,803,05/04/2012,1867,67390,Other fees,-915.55,Monthly Accrual Nonstk& Exp,HOFFMAN,01:45:14,n,
2012,5,803,05/04/2012,1875,67390,Other fees,-11000,Monthly Accrual Nonstk& Exp,HOFFMAN,01:45:14,n,
2012,5,803,05/04/2012,184,67400,Payments,-971.75,Monthly Accrual Nonstk& Exp,HOFFMAN,01:45:14,n,
2012,5,803,05/04/2012,982,67400,Payments,-797.29,Monthly Accrual Nonstk& Exp,HOFFMAN,01:45:14,n,
2012,5,803,05/04/2012,983,67400,Payments,-2609,Monthly Accrual Nonstk& Exp,HOFFMAN,01:45:14,n,
2012,5,803,05/04/2012,1915,67470,Payments,-1184,Monthly Accrual Nonstk& Exp,HOFFMAN,01:45:14,n,
2012,5,803,05/04/2012,901,67510,Payments,-1050,Monthly Accrual Nonstk& Exp,HOFFMAN,01:45:14,n,
2012,5,803,05/04/2012,1854,67540,Payments,-303.85,Monthly Accrual Nonstk& Exp,HOFFMAN,01:45:14,n,
2012,5,803,05/04/2012,1855,67540,Payments,-46,Monthly Accrual Nonstk& Exp,HOFFMAN,01:45:14,n,
2012,5,803,05/04/2012,1866,67540,Payments,-35,Monthly Accrual Nonstk& Exp,HOFFMAN,01:45:14,n,
2012,5,803,05/04/2012,1867,67540,Payments,-118,Monthly Accrual Nonstk& Exp,HOFFMAN,01:45:14,n,
2012,5,803,05/04/2012,1885,67540,Payments,-295.19,Monthly Accrual Nonstk& Exp,HOFFMAN,01:45:14,n,
2012,5,803,05/04/2012,107,82124,Expense,-54095,Monthly Accrual Nonstk& Exp,HOFFMAN,01:45:14,n,
2012,5,803,05/04/2012,107,82150,Expense,-14595.89,Monthly Accrual Nonstk& Exp,HOFFMAN,01:45:14,n,
2012,5,803,05/04/2012,107,82180,Expense,-51269.36,Monthly Accrual Nonstk& Exp,HOFFMAN,01:45:14,n,
2012,5,803,05/04/2012,814,82180,Expense,-44509.72,Monthly Accrual Nonstk& Exp,HOFFMAN,01:45:14,n,
2012,4,101006,02/02/2012,1000,18406,Revenue,257721.82,CAPITALIZE  CONSULTING,HOCKK,17:40:36,n,
2012,4,101006,02/02/2012,1912,67920,Pension,-257721.82,CAPITALIZE CONSULTING,HOCKK,17:40:36,y,
2012,5,103103,07/07/2012,9840,12621,AR,-3809.34,Reclass Receivables,RILEYR,23:18:50,y,
2012,5,103103,07/07/2012,9840,12621,AR,-42870.16,Reclass Receivables,RILEYR,23:18:50,y,
2012,5,103103,07/07/2012,9840,12621,AR,8.62,Reclass Receivables,RILEYR,23:18:50,y,
2012,5,103103,07/07/2012,1756,12621,AR,46670.88,Reclass Receivables,RILEYR,23:18:50,y,
2012,5,115030,03/05/2012,9840,12828,AP,-20965.84,RECLASS AGED RECEIVABLES,HOCKK,10:38:08,y,
2012,5,115030,03/05/2012,9840,12828,AP,20965.84,RECLASS AGED RECEIVABLES,HOCKK,10:38:08,y,
2012,5,115031,04/05/2012,9840,12824,AR -trade,-6537.78,RECLASS AGED RECEIVABLES,HOCKK,08:31:34,y,
2012,5,115031,04/05/2012,9840,12824,AR - trade,6537.78,RECLASS AGED RECEIVABLES,HOCKK,08:31:34,y,
2012,5,115032,04/05/2012,1000,14700,Bonus payable,-4576462.99,Test,HOCKK,01:40:39,y,
2012,5,115032,04/05/2012,1754,14700,Bonus payable,4576462.99,Test,HOCKK,01:40:39,y,
2012,5,115050,16/06/2012,1679,13360,Suspicious payment,-151200,MOVE INDY SHOP INV CHGS TO JIP,HOCKK,23:41:46,y,
2012,5,115050,16/06/2012,1679,67780,Capital,151200,MOVE INDY SHOP INV CHGS TO JIP,HOCKK,23:41:46,y,
2012,5,115082,17/06/2012,1647,10100,Cash,50000,ACCRUE CASH IN TRANSIT,HOCKK,22:43:48,y,
2012,5,115082,17/06/2012,1647,14999,Salaries,-50000,ACCRUE CASH IN TRANSIT,HOCKK,22:43:48,y,
2012,5,115094,18/06/2012,1000,13998,Fixed assets,-221.91,CLEAR SUSPENSE UNTIL MAY,WOLFC,08:46:34,y,
2012,5,115094,18/06/2012,1000,24994,Revenue accrual,221.91,CLEAR SUSPENSE UNTIL MAY,WOLFC,08:46:34,y,
2012,5,115103,30/06/2012,1000,18406,Revenue,16200,Penn-Mar Castings P1298,GOSNELL,17:16:21,y,
2012,5,115103,30/06/2012,107,18406,Revenue,-16200,Penn-Mar Castings P1298,GOSNELL,17:16:21,y,
2012,5,115103,30/06/2012,1000,18406,Revenue,8175,Penn-Mar Castings P1299,GOSNELL,17:16:21,y,
2012,5,115103,30/06/2012,107,18406,Revenue,-8175,Penn-Mar Castings P1299,GOSNELL,17:16:21,y,
2012,5,115104,14/08/2012,1000,18406,Revenue,-5141.72,Wrong Acctg Unit,GOSNELL,08:23:22,y,
2012,5,115104,14/08/2012,107,18406,Revenue,5141.72,Wrong Acctg Unit,GOSNELL,08:23:22,y,
2012,5,115133,16/08/2012,1000,24994,Revenue accrual,-540038.25,MOVE GROUP INSURANCE,HOCKK,02:14:19,y,
2012,5,115133,16/08/2012,1903,62960,Expense other,540038.25,MOVE GROUP INSURANCE,HOCKK,02:14:19,y,
2012,5,115170,05/02/2012,1000,24994,Revenue accrual,-18744,Clear Freight Charges,JIM,12:22:35,y,
2012,5,115170,05/02/2012,1000,81999,Expense,18744,Clear Freight Charges,JIM,12:22:35,y,
2012,4,115184,15/01/2012,1601,10100,Cash,999999,Int on Escrow Fund UM April,JIM,13:08:10,y,
2012,4,115184,15/01/2012,1601,10100,Cash,-32455.68,UM AR Write offs,JIM,13:08:10,y,
2012,4,115184,15/01/2012,1601,21999,Revenue accrual,-999999,Int on Escrow Fund UM April,JIM,13:08:10,y,
2012,4,115184,15/01/2012,1601,21999,Revenue accrual,32455.68,UM AR Write offs,JIM,13:08:10,y,
2012,4,115185,01/01/2012,1691,13150,Accounts Payable,-359835.84,Nothing,JIM,00:35:43,y,
2012,5,115185,16/08/2012,1691,13150,Accounts Payable,359835.84,Correct Correct Returns,JIM,00:35:43,y,
2012,4,115185,01/01/2012,1691,52600,Expense other,359835.84,Nothing,JIM,00:35:43,y,
2012,5,115185,16/08/2012,1691,52600,Expense other,-359835.84,Correct Correct Returns Issue Returns Issue,JIM,00:35:43,y,
2012,4,115186,15/02/2012,1680,13360,Suspicious payment,-355.65,Reclass Suspense to Proper Act,JIM,02:36:34,y,
2012,5,115186,16/08/2012,1680,13360,Suspicious payment,355.65,Reclass Suspense to Proper Act,JIM,02:36:34,y,
2012,4,115186,15/02/2012,1000,13998,Fixed assets,355.65,Reclass Suspense to Proper Act,JIM,02:36:34,y,
2012,5,115186,16/08/2012,1000,13998,Fixed assets,-355.65,Reclass Suspense to Proper Act,JIM,02:36:34,y,
2012,4,115195,18/03/2012,1691,13150,Accounts Payable,-11.14,RECORD W/O INTERFACE WO 44,WOLFC,17:33:06,y,
2012,4,115195,18/03/2012,1691,13150,Accounts Payable,-0.2,RECORD W/O INTERFACE WO 44,WOLFC,17:33:06,y,
2012,4,115195,18/03/2012,1691,13150,Accounts Payable,-0.2,RECORD W/O INTERFACE WO 44,WOLFC,17:33:06,y,
2012,4,115195,18/03/2012,1691,13150,Accounts Payable,-46.36,RECORD W/O INTERFACE WO 44,WOLFC,17:33:06,y,
2012,4,115195,18/03/2012,1691,13150,Accounts Payable,-7.38,RECORD W/O INTERFACE WO 44,WOLFC,17:33:06,y,
2012,4,115195,18/03/2012,1691,13150,Accounts Payable,-21.04,RECORD W/O INTERFACE WO 44,WOLFC,17:33:06,y,
2012,4,115195,18/03/2012,1691,13150,Accounts Payable,-4.64,RECORD W/O INTERFACE WO 44,WOLFC,17:33:06,y,
2012,4,115195,18/03/2012,1691,13150,Accounts Payable,-0.1,RECORD W/O INTERFACE WO 44,WOLFC,17:33:06,y,
2012,4,115195,18/03/2012,1691,13150,Accounts Payable,-25.28,RECORD W/O INTERFACE WO 44,WOLFC,17:33:06,y,
2012,4,115195,18/03/2012,1691,13150,Accounts Payable,-48.72,RECORD W/O INTERFACE WO 44,WOLFC,17:33:06,y,
2012,4,115195,18/03/2012,1691,13150,Accounts Payable,-0.08,RECORD W/O INTERFACE WO 44,WOLFC,17:33:06,y,
2012,4,115195,18/03/2012,1691,13150,Accounts Payable,-0.15,RECORD W/O INTERFACE WO 44,WOLFC,17:33:06,y,
2012,4,115195,18/03/2012,1691,13150,Accounts Payable,-112.92,RECORD W/O INTERFACE WO 44,WOLFC,17:33:06,y,
2012,4,115195,18/03/2012,1691,13150,Accounts Payable,-97.82,RECORD W/O INTERFACE WO 44,WOLFC,17:33:06,y,
2012,4,115195,18/03/2012,1691,13150,Accounts Payable,-97.82,RECORD W/O INTERFACE WO 44,WOLFC,17:33:06,y,
2012,4,115195,18/03/2012,1691,13150,Accounts Payable,-163.1,RECORD W/O INTERFACE WO 44,WOLFC,17:33:06,y,
2012,4,115195,18/03/2012,1691,13150,Accounts Payable,-97.82,RECORD W/O INTERFACE WO 44,WOLFC,17:33:06,y,
2012,4,115195,18/03/2012,1691,13150,Accounts Payable,-20.4,RECORD W/O INTERFACE WO 44,WOLFC,17:33:06,y,
2012,4,115195,18/03/2012,1691,13150,Accounts Payable,-49.29,RECORD W/O INTERFACE WO 44,WOLFC,17:33:06,y,
2012,4,115195,18/03/2012,1691,13150,Accounts Payable,-14.04,RECORD W/O INTERFACE WO 44,WOLFC,17:33:06,y,
2012,4,115195,18/03/2012,1691,13150,Accounts Payable,-2.45,RECORD W/O INTERFACE WO 44,WOLFC,17:33:06,y,
2012,4,115195,18/03/2012,1691,13150,Accounts Payable,-3.67,RECORD W/O INTERFACE WO 44,WOLFC,17:33:06,y,
2012,4,115195,18/03/2012,1691,13150,Accounts Payable,-6.32,RECORD W/O INTERFACE WO 44,WOLFC,17:33:06,y,
2012,4,115195,18/03/2012,1691,13150,Accounts Payable,-7.34,RECORD W/O INTERFACE WO 44,WOLFC,17:33:06,y,
2012,4,115195,18/03/2012,1691,13150,Accounts Payable,-0.1,RECORD W/O INTERFACE WO 44,WOLFC,17:33:06,y,
2012,4,115195,18/03/2012,1691,13150,Accounts Payable,-83.02,RECORD W/O INTERFACE WO 44,WOLFC,17:33:06,y,
2012,4,115195,18/03/2012,1691,13150,Accounts Payable,-6.35,RECORD W/O INTERFACE WO 44,WOLFC,17:33:06,y,
2012,4,115195,18/03/2012,1691,13150,Accounts Payable,-21,RECORD W/O INTERFACE WO 44,WOLFC,17:33:06,y,
2012,4,115195,18/03/2012,1691,13150,Accounts Payable,-1.02,RECORD W/O INTERFACE WO 44,WOLFC,17:33:06,y,
2012,4,115195,18/03/2012,1691,13150,Accounts Payable,-20.54,RECORD W/O INTERFACE WO 44,WOLFC,17:33:06,y,
2012,4,115195,18/03/2012,1691,13150,Accounts Payable,-0.38,RECORD W/O INTERFACE WO 44,WOLFC,17:33:06,y,
2012,4,115195,18/03/2012,1691,13150,Accounts Payable,-0.36,RECORD W/O INTERFACE WO 44,WOLFC,17:33:06,y,
2012,4,115195,18/03/2012,1691,13150,Accounts Payable,-0.21,RECORD W/O INTERFACE WO 44,WOLFC,17:33:06,y,
2012,4,115195,18/03/2012,1691,13150,Accounts Payable,-1.37,RECORD W/O INTERFACE WO 44,WOLFC,17:33:06,y,
2012,4,115195,18/03/2012,1691,13150,Accounts Payable,-44.52,RECORD W/O INTERFACE WO 44,WOLFC,17:33:06,y,
2012,4,115195,18/03/2012,1691,13150,Accounts Payable,-65.9,RECORD W/O INTERFACE WO 44,WOLFC,17:33:06,y,
2012,4,115195,18/03/2012,1691,13150,Accounts Payable,-209.1,RECORD W/O INTERFACE WO 44,WOLFC,17:33:06,y,
2012,4,115195,18/03/2012,1691,13150,Accounts Payable,-49.88,RECORD W/O INTERFACE WO 44,WOLFC,17:33:06,y,
2012,4,115195,18/03/2012,1691,13150,Accounts Payable,-27.03,RECORD W/O INTERFACE WO 44,WOLFC,17:33:06,y,
2012,4,115195,18/03/2012,1691,13150,Accounts Payable,-3233.4,RECORD W/O INTERFACE WO 44,WOLFC,17:33:06,y,
2012,4,115195,18/03/2012,1691,13313,Misc.,4602.46,RECORD W/O INTERFACE WO 44,WOLFC,17:33:06,y,
2012,5,116011,16/08/2012,1866,67370,Audit,-11000,Recl accrual-CFD,GRIM,09:12:05,y,
2012,5,116011,16/08/2012,1875,67390,Other fees,11000,Recl accrual-CFD,GRIM,09:12:05,y,
2012,5,117023,13/02/2012,1950,24994,Revenue accrual,50000,ACCRUE FOR BLDG 15 REMODEL,HOCKK,01:04:28,y,
2012,5,117023,13/02/2012,1950,81999,Expense,-50000,ACCRUE FOR BLDG 15 REMODEL,HOCKK,01:04:28,y,
2012,5,152225,15/02/2012,3140,14399,Unknown,-31908.2,REC RECEIVABLE CONSOLIDATED RE,STARAUG,10:49:46,y,
2012,5,152225,15/02/2012,3162,64680,Foreign taxes,8615.21,REC RECIVABLE CONSOLIDATED REC,STARAUG,10:49:46,y,
2012,5,152225,15/02/2012,3110,64680,Foreign taxes,23292.99,REC RECIVABLE CONSOLIDATED REC,STARAUG,10:49:46,y,
2012,5,152244,18/02/2012,3140,21190,Revenue accrual,40756.17,ACCRUE AP EXPENSE,STARAUG,01:14:46,y,
2012,5,152244,18/02/2012,3140,31001,Revenue accrual,-6030.07,Auto offset from zone 1,STARAUG,01:14:46,y,
2012,5,152244,18/02/2012,1000,31152,Revenue accrual,6030.07,Auto offset to zone 31,STARAUG,01:14:46,y,
2012,5,152244,18/02/2012,3161,64010,Expense other,-76,ACCRUE AP EXPENSE,STARAUG,01:14:46,y,
2012,5,152244,18/02/2012,3166,64010,Expense other,-762.62,ACCRUE AP EXPENSE,STARAUG,01:14:46,y,
2012,5,152244,18/02/2012,3168,64010,Expense other,-4.58,ACCRUE AP EXPENSE,STARAUG,01:14:46,y,
2012,5,152244,18/02/2012,3171,64010,Expense other,-133.31,ACCRUE AP EXPENSE,STARAUG,01:14:46,y,
2012,5,152244,18/02/2012,3161,64110,Cost of goods sold,-2365.47,ACCRUE AP EXPENSE,STARAUG,01:14:46,y,
2012,5,152244,18/02/2012,3163,64110,Cost of goods sold,-538.72,ACCRUE AP EXPENSE,STARAUG,01:14:46,y,
2012,5,152244,18/02/2012,3166,64110,Cost of goods sold,-1874.81,ACCRUE AP EXPENSE,STARAUG,01:14:46,y,
2012,5,152244,18/02/2012,3178,64110,Cost of goods sold,-424.3,ACCRUE AP EXPENSE,STARAUG,01:14:46,y,
2012,5,152244,18/02/2012,3190,64110,Cost of goods sold,-3860.27,ACCRUE AP EXPENSE,STARAUG,01:14:46,y,
2012,5,152244,18/02/2012,3162,64130,Deferred taxes,-80.52,ACCRUE AP EXPENSE,STARAUG,01:14:46,y,
2012,5,152244,18/02/2012,3166,64660,Payroll taxes,41603.75,ACCRUE AP EXPENSE,STARAUG,01:14:46,y,
2012,5,152244,18/02/2012,3166,64670,State taxes,-2619.4,ACCRUE AP EXPENSE,STARAUG,01:14:46,y,
2012,5,152244,18/02/2012,3166,64670,State taxes,-2214,ACCRUE AP EXPENSE,STARAUG,01:14:46,y,
2012,5,152244,18/02/2012,3166,64670,State taxes,-2933.39,ACCRUE AP EXPENSE,STARAUG,01:14:46,y,
2012,5,152244,18/02/2012,3166,64670,State taxes,-46725.63,ACCRUE AP EXPENSE,STARAUG,01:14:46,y,
2012,5,152244,18/02/2012,3166,64670,State taxes,-1371.72,ACCRUE AP EXPENSE,STARAUG,01:14:46,y,
2012,5,152244,18/02/2012,3163,64990,Land,-494.98,ACCRUE AP EXPENSE,STARAUG,01:14:46,y,
2012,5,152244,18/02/2012,3178,64990,Land,-41,ACCRUE AP EXPENSE,STARAUG,01:14:46,y,
2012,5,152244,18/02/2012,3181,64990,Land,-227.16,ACCRUE AP EXPENSE,STARAUG,01:14:46,y,
2012,5,152244,18/02/2012,3161,65520,Equipment,-420.5,ACCRUE AP EXPENSE,STARAUG,01:14:46,y,
2012,5,152244,18/02/2012,3162,65520,Equipment,-171.9,ACCRUE AP EXPENSE,STARAUG,01:14:46,y,
2012,5,152244,18/02/2012,3160,66510,Capitalized costs,-70.84,ACCRUE AP EXPENSE,STARAUG,01:14:46,y,
2012,5,152244,18/02/2012,3161,66510,Capitalized costs,-85.73,ACCRUE AP EXPENSE,STARAUG,01:14:46,y,
2012,5,152244,18/02/2012,3163,66510,Capitalized costs,-373,ACCRUE AP EXPENSE,STARAUG,01:14:46,y,
2012,5,152244,18/02/2012,3163,66520,Misc expenses,-253.58,ACCRUE AP EXPENSE,STARAUG,01:14:46,y,
2012,5,152244,18/02/2012,3163,66530,Misc expenses,-2695.33,ACCRUE AP EXPENSE,STARAUG,01:14:46,y,
2012,5,152244,18/02/2012,2902,67290,Misc expenses,-548.1,ACCRUE EXP AP,STARAUG,01:14:46,y,
2012,5,152244,18/02/2012,2983,67290,Misc expenses,-157.75,ACCRUE AP EXPENSE,STARAUG,01:14:46,y,
2012,5,152244,18/02/2012,2987,67290,Misc expenses,-5324.22,ACCRUE AP EXPENSE,STARAUG,01:14:46,y,
2012,5,152244,18/02/2012,3160,67770,Retained earnings,-208,ACCRUE AP EXPENSE,STARAUG,01:14:46,y,
2012,5,152244,18/02/2012,3161,67770,Retained earnings,-66,ACCRUE AP EXPENSE,STARAUG,01:14:46,y,
2012,5,152244,18/02/2012,3162,67770,Retained earnings,-4456.91,ACCRUE AP EXPENSE,STARAUG,01:14:46,y,
2012,5,152244,18/02/2012,3162,67990,Expense,-524.86,ACCRUE AP EXPENSE,STARAUG,01:14:46,y,
2012,5,152244,18/02/2012,3163,67990,Expense,-255.32,ACCRUE AP EXPENSE,STARAUG,01:14:46,y,
2012,5,152251,21/03/2012,3140,21190,Revenue accrual,31317.81,ACCRUE AP EXPENSE NOT ENTERED,STARAUG,11:13:02,y,
2012,5,152251,21/03/2012,3160,62550,Expense other,-3917.6,ACCRUE AP EXP NOT ENTERED,STARAUG,11:13:02,y,
2012,5,152251,21/03/2012,3190,62550,Expense other,-3917.6,ACCRUE AP EXPENSE NOT ENTERED,STARAUG,11:13:02,y,
2012,5,152251,21/03/2012,3160,62910,Expense other,-159,ACCRUE AP EXPENSE NOT ENTERED,STARAUG,11:13:02,y,
2012,5,152251,21/03/2012,3190,62910,Expense other,-89,ACCRUE AP EXPENSE NOT ENTERED,STARAUG,11:13:02,y,
2012,5,152251,21/03/2012,3165,65010,Software,-301.11,ACCRUE AP EXPENSE NOT ENTERED,STARAUG,11:13:02,y,
2012,5,152251,21/03/2012,3163,65020,Software bought,-21000,ACCRUE AP EXPENSE NOT ENTERED,STARAUG,11:13:02,y,
2012,5,152251,21/03/2012,3165,65060,Leased equipment,-250,ACCRUE AP EXPENSE NOT ENTERED,STARAUG,11:13:02,y,
2012,5,152251,21/03/2012,3163,67550,Payments,-1486,ACCRUE AP EXPENSE NOT ENTERED,STARAUG,11:13:02,y,
2012,5,152251,21/03/2012,3173,67550,Payments,-197.5,ACCRUE AP, EXPENSE NOT ENTERED,STARAUG,11:13:02,y
2012,5,152253,15/03/2012,3140,21190,Revenue accrual,-980,ACCRUE PD 42578,STARAUG,13:54:28,y,
2012,5,152253,15/03/2012,3190,62550,Expense other,980,ACCRUE PD 42578,STARAUG,13:54:28,y,
2012,5,152262,15/03/2012,3140,21190,Revenue accrual,15000,ACCRUE STATE SALES TAX,STARAUG,03:44:46,y,
2012,5,152262,15/03/2012,3165,67990,Expense,-15000,ACCRUE STATE SALES TAX,STARAUG,03:44:46,y,
2012,5,152402,01/02/2013,1560,24204,Revenue accrual,20915.14,utilities accruals,GRIESING,11:07:48,y,
2012,5,152402,01/02/2013,1550,65010,Software,-138.85,utilities accruals,GRIESING,11:07:48,y,
2012,5,152402,01/02/2013,1550,65020,Software bought,-10645.23,utilities accruals,GRIESING,11:07:48,y,
2012,5,152402,01/02/2013,1550,65050,Leased land,-10131.06,utilities accruals,GRIESING,11:07:48,y,
2012,5,152404,01/02/2013,1950,13110,Inventory,-74556.46,Finished Goods Inventor AVC,GRIESING,07:16:15,y,
2012,5,152404,01/02/2013,1560,13310,Consulting,7113,Finished Goods Inventor - AVC,GRIESING,07:16:15,y,
2012,5,152404,01/02/2013,1560,13310,Consulting,18383.46,Finished Goods Inventor - AVC,GRIESING,07:16:15,y,
2012,5,152404,01/02/2013,1560,13510,Rent,49060,Finished Goods Inventor - AVC,GRIESING,07:16:15,y,
2012,5,152525,01/02/2013,1021,13314,Telephone expense,-8504.05,APRIL ACCTS PAYABLE SEARCH,SIMPSON,16:31:57,y,
2012,5,152525,01/02/2013,1021,21999,Revenue accrual,47523.53,APRIL ACCTS PAYABLE SEARCH,SIMPSON,16:31:57,y,
2012,5,152525,01/02/2013,1021,21999,Revenue accrual,2998.82,APRIL ACCTS PAYABLE SEARCH,SIMPSON,16:31:57,y,
2012,5,152525,01/02/2013,3000,62870,Expense other,-2469.33,APRIL ACCTS PAYABLE SEARCH,SIMPSON,16:31:57,y,
2012,5,152525,01/02/2013,3340,64110,Cost of goods sold,-168.17,APRIL ACCTS PAYABLE SEARCH,SIMPSON,16:31:57,y,
2012,5,152525,01/02/2013,3560,64110,Cost of goods sold,-520.49,APRIL ACCTS PAYABLE SEARCH,SIMPSON,16:31:57,y,
2012,5,152525,01/02/2013,3571,64110,Cost of goods sold,-299.41,APRIL ACCTS PAYABLE SEARCH,SIMPSON,16:31:57,y,
2012,5,152525,01/02/2013,3572,64110,Cost of goods sold,-125,APRIL ACCTS PAYABLE SEARCH,SIMPSON,16:31:57,y,
2012,5,152525,01/02/2013,3573,64110,Cost of goods sold,-301.46,APRIL ACCTS PAYABLE SEARCH,SIMPSON,16:31:57,y,
2012,5,152525,01/02/2013,2400,64110,Cost of goods sold,-218.45,APRIL ACCTS PAYABLE SEARCH,SIMPSON,16:31:57,y,
2012,5,152525,01/02/2013,3560,64680,Foreign taxes,-648.65,APRIL ACCTS PAYABLE SEARCH,SIMPSON,16:31:57,y,
2012,5,152525,01/02/2013,3571,64680,Foreign taxes,-470.65,APRIL ACCTS PAYABLE SEARCH,SIMPSON,16:31:57,y,
2012,5,152525,01/02/2013,3573,64680,Foreign taxes,-470.67,APRIL ACCTS PAYABLE SEARCH,SIMPSON,16:31:57,y,
2012,5,152525,01/02/2013,3590,64680,Foreign taxes,-156.74,APRIL ACCTS PAYABLE SEARCH,SIMPSON,16:31:57,y,
2012,5,152525,01/02/2013,3560,64680,Foreign taxes,-310.75,APRIL ACCTS PAYABLE SEARCH,SIMPSON,16:31:57,y,
2012,5,152525,01/02/2013,3573,64680,Foreign taxes,-1911.62,APRIL ACCTS PAYABLE SEARCH,SIMPSON,16:31:57,y,
2012,5,152525,01/02/2013,3574,64680,Foreign taxes,-257.11,APRIL ACCTS PAYABLE SEARCH,SIMPSON,16:31:57,y,
2012,5,152525,01/02/2013,3576,64680,Foreign taxes,-300.89,APRIL ACCTS PAYABLE SEARCH,SIMPSON,16:31:57,y,
2012,5,152525,01/02/2013,3560,64990,Land,-483.36,APRIL ACCTS PAYABLE SEARCH,SIMPSON,16:31:57,y,
2012,5,152525,01/02/2013,3571,64990,Land,-199,APRIL ACCTS PAYABLE SEARCH,SIMPSON,16:31:57,y,
2012,5,152525,01/02/2013,3572,64990,Land,-1197.5,APRIL ACCTS PAYABLE SEARCH,SIMPSON,16:31:57,y,
2012,5,152525,01/02/2013,3573,64990,Land,-396.28,APRIL ACCTS PAYABLE SEARCH,SIMPSON,16:31:57,y,
2012,5,152525,01/02/2013,3575,64990,Land,-151.77,APRIL ACCTS PAYABLE SEARCH,SIMPSON,16:31:57,y,
2012,5,152525,01/02/2013,3590,64990,Land,-405.55,APRIL ACCTS PAYABLE SEARCH,SIMPSON,16:31:57,y,
2012,5,152525,01/02/2013,3340,66510,Capitalized costs,-3120.92,APRIL ACCTS PAYABLE SEARCH,SIMPSON,16:31:57,y,
2012,5,152525,01/02/2013,3340,66510,Capitalized costs,-1811.69,APRIL ACCTS PAYABLE SEARCH,SIMPSON,16:31:57,y,
2012,5,152525,01/02/2013,1200,67390,Other fees,-1787,APRIL ACCTS PAYABLE SEARCH,SIMPSON,16:31:57,y,
2012,5,152525,01/02/2013,3340,67390,Other fees,-4742.74,APRIL ACCTS PAYABLE SEARCH,SIMPSON,16:31:57,y,
2012,5,152525,01/02/2013,3340,67950,Pension payment,-404.53,APRIL ACCTS PAYABLE SEARCH,SIMPSON,16:31:57,y,
2012,5,152525,01/02/2013,3590,67990,Expense,-18688.57,APRIL ACCTS PAYABLE SEARCH,SIMPSON,16:31:57,y,
2012,5,152529,18/01/2012,1021,13304,Expense repair,-7902.16,Repair SO 01-954412-02 San Ant,CARAWAY,15:45:01,y,
2012,5,152529,18/01/2012,1021,21713,Revenue accrual,-574,AAA Cooper SO 01-954412-02 Frt,CARAWAY,15:45:01,y,
2012,5,152529,18/01/2012,1021,21713,Revenue accrual,-300,Lurgan SO 01-954412-02 Frt,CARAWAY,15:45:01,y,
2012,5,152529,18/01/2012,1915,67170,Misc expenses,7902.16,Repair SO 01-954412-02 San Ant,CARAWAY,15:45:01,y,
2012,5,152529,18/01/2012,1915,67170,Misc expenses,574,AAA Cooper SO 01-954412-02 Frt,CARAWAY,15:45:01,y,
2012,5,152529,18/01/2012,1915,67170,Misc expenses,300,Lurgan SO 01-954412-02 Frt,CARAWAY,15:45:01,y,
2012,5,152530,01/02/2013,1021,13340,Drafting,26193.47,VSD part#375 21064 008,CAR,02:29:27,y,
2012,5,152530,01/02/2013,1021,21999,Revenue accrual,4995.99,Generator rental for 4/25/02,CAR,02:29:27,y,
2012,5,152530,01/02/2013,3510,67320,Misc expenses,-26193.47,VSD part#375 21064 008,CAR,02:29:27,y,
2012,5,152530,01/02/2013,5200,67390,Other fees,-4995.99,Generator rental for 4/25/02,CAR,02:29:27,y,
2012,5,152804,15/02/2013,1007,13110,Inventory,-397630.78,Trf FG bal to i/co FG hold,WESTS,04:27:48,n,
2012,5,152804,15/02/2013,1170,13111,Inventory - ppd,397630.78,Trf FG bal to i/co FG hold,WESTS,04:27:48,n,
2012,5,152811,15/02/2013,1170,18406,Revenue,-114000,record y/e a/p accrual,WESTS,08:05:49,n,
2012,5,152811,15/02/2013,1170,18406,Revenue,-21913.12,record y/e a/p accrual,WESTS,08:05:49,n,
2012,5,152811,15/02/2013,1170,21120,Expense,136851.59,record y/e a/p accrual,WESTS,08:05:49,n,
2012,5,152811,15/02/2013,1171,66560,Misc expenses,-938.47,y/e accrual,WESTS,08:05:49,n,
2012,4,183900,30/04/2012,0107C,81999,Expense,-45000,LTC/STC SPLIT,STEIN,03:32:41,y,
2012,4,183900,30/04/2012,0107D,81999,Expense,45000,LTC/STC SPLIT,STEIN,03:32:41,y,
2012,4,183900,30/04/2012,0107C,82310,Expense,-21000,LTC/STC SPLIT,STEIN,03:32:41,y,
2012,4,183900,30/04/2012,0107D,82310,Expense,21000,LTC/STC SPLIT,STEIN,03:32:41,y,
